,rolling_granger_pvalue
2019-10-01 00:00:00+00:00,0.02195877996023136
2019-10-08 00:00:00+00:00,0.018469041149024368
2019-10-15 00:00:00+00:00,0.017012857870136282
2019-10-22 00:00:00+00:00,0.011582955465443943
2019-10-29 00:00:00+00:00,0.020283102960414932
2019-11-05 00:00:00+00:00,0.06372963819699629
2019-11-12 00:00:00+00:00,0.04907885255352627
2019-11-19 00:00:00+00:00,0.04356856477716067
2019-11-26 00:00:00+00:00,0.008214387979563717
2019-12-03 00:00:00+00:00,0.004985897587497137
2019-12-10 00:00:00+00:00,0.004809924286719581
2019-12-17 00:00:00+00:00,0.0021839103946910275
2019-12-24 00:00:00+00:00,0.004869425995025148
2019-12-31 00:00:00+00:00,0.0063253789511728276
2020-01-07 00:00:00+00:00,0.0050002728809974886
2020-01-14 00:00:00+00:00,0.013739016170328753
2020-01-21 00:00:00+00:00,0.0086141227329573
2020-01-28 00:00:00+00:00,0.003984370425486865
2020-02-04 00:00:00+00:00,0.006098058085732633
2020-02-11 00:00:00+00:00,0.01196830921754881
2020-02-18 00:00:00+00:00,0.006940112776510855
2020-02-25 00:00:00+00:00,0.00893132738335442
2020-03-03 00:00:00+00:00,0.0068291435601764115
2020-03-10 00:00:00+00:00,0.011710761714371576
2020-03-17 00:00:00+00:00,0.020006453154523755
2020-03-24 00:00:00+00:00,0.011129092796967215
2020-03-31 00:00:00+00:00,0.00856454122593392
2020-04-07 00:00:00+00:00,0.0040917178289865
2020-04-14 00:00:00+00:00,0.0065672543651018
2020-04-21 00:00:00+00:00,0.008273282407824035
2020-04-28 00:00:00+00:00,0.019670453996721397
2020-05-05 00:00:00+00:00,0.04511788216717913
2020-05-12 00:00:00+00:00,0.050809035069023435
2020-05-19 00:00:00+00:00,0.05168448352925869
2020-05-26 00:00:00+00:00,0.031936982663740454
2020-06-02 00:00:00+00:00,0.04254361050541967
2020-06-09 00:00:00+00:00,3.870877093348545e-10
2020-06-16 00:00:00+00:00,1.9783098857286792e-10
2020-06-23 00:00:00+00:00,9.160184737610828e-10
2020-06-30 00:00:00+00:00,8.497637310211368e-10
2020-07-07 00:00:00+00:00,3.166774318124681e-11
2020-07-14 00:00:00+00:00,8.264545177283424e-12
2020-07-21 00:00:00+00:00,1.7019868844048655e-11
2020-07-28 00:00:00+00:00,6.61322714426224e-12
2020-08-04 00:00:00+00:00,2.5520238456851917e-12
2020-08-11 00:00:00+00:00,1.1088290538203008e-13
2020-08-18 00:00:00+00:00,2.1722114904017982e-13
2020-08-25 00:00:00+00:00,5.265350784820618e-13
2020-09-01 00:00:00+00:00,8.73997929985966e-12
2020-09-08 00:00:00+00:00,1.0004582635630836e-11
2020-09-15 00:00:00+00:00,4.404456375988267e-12
2020-09-22 00:00:00+00:00,1.864296718443512e-10
2020-09-29 00:00:00+00:00,5.806135016972365e-11
2020-10-06 00:00:00+00:00,4.786429620998381e-12
2020-10-13 00:00:00+00:00,2.3211796397602892e-11
2020-10-20 00:00:00+00:00,1.7828650183818652e-11
2020-10-27 00:00:00+00:00,4.807161625126762e-12
2020-11-03 00:00:00+00:00,1.5517953147004005e-11
2020-11-10 00:00:00+00:00,8.614829785105386e-12
2020-11-17 00:00:00+00:00,1.946020636261105e-12
2020-11-24 00:00:00+00:00,1.853167668270466e-12
2020-12-01 00:00:00+00:00,5.153580104951833e-13
2020-12-08 00:00:00+00:00,8.68808233347714e-12
2020-12-15 00:00:00+00:00,1.0975969479457202e-11
2020-12-22 00:00:00+00:00,5.799874853087689e-11
2020-12-29 00:00:00+00:00,1.5947481791094312e-10
2021-01-05 00:00:00+00:00,4.086179666345029e-11
2021-01-12 00:00:00+00:00,1.7533810538766277e-12
2021-01-19 00:00:00+00:00,3.7199518087665793e-13
2021-01-26 00:00:00+00:00,5.832675049387673e-14
2021-02-02 00:00:00+00:00,8.472767030480805e-14
2021-02-09 00:00:00+00:00,4.657012782622083e-14
2021-02-16 00:00:00+00:00,1.49444996630062e-13
2021-02-23 00:00:00+00:00,5.293214507106901e-14
2021-03-02 00:00:00+00:00,1.2407222984449038e-12
2021-03-09 00:00:00+00:00,2.5214286544304135e-11
2021-03-16 00:00:00+00:00,1.0261283265161291e-11
2021-03-23 00:00:00+00:00,1.301086142706436e-10
2021-03-30 00:00:00+00:00,3.883399596593865e-12
2021-04-06 00:00:00+00:00,2.5505200289963126e-10
2021-04-13 00:00:00+00:00,1.0673618036714321e-10
2021-04-20 00:00:00+00:00,1.2096491009580589e-10
2021-04-27 00:00:00+00:00,4.247448933122852e-11
2021-05-04 00:00:00+00:00,1.1343252139971746e-10
2021-05-11 00:00:00+00:00,1.2735249715710185e-12
2021-05-18 00:00:00+00:00,1.321984975299722e-12
2021-05-25 00:00:00+00:00,4.040266216026448e-12
2021-06-01 00:00:00+00:00,9.263123202125957e-11
2021-06-08 00:00:00+00:00,1.08974128393197e-10
2021-06-15 00:00:00+00:00,1.3179972054591896e-10
2021-06-22 00:00:00+00:00,2.5643439703906716e-10
2021-06-29 00:00:00+00:00,2.5929681606593953e-10
2021-07-06 00:00:00+00:00,1.4455135352839368e-09
2021-07-13 00:00:00+00:00,7.973090693388323e-09
2021-07-20 00:00:00+00:00,9.439061900966893e-08
2021-07-27 00:00:00+00:00,1.6252246610008187e-07
2021-08-03 00:00:00+00:00,1.5665776602572346e-07
2021-08-10 00:00:00+00:00,4.469721494970338e-08
2021-08-17 00:00:00+00:00,3.252572531802567e-08
2021-08-24 00:00:00+00:00,1.534333836690573e-08
2021-08-31 00:00:00+00:00,4.085555437802756e-09
2021-09-07 00:00:00+00:00,5.521475399927114e-09
2021-09-14 00:00:00+00:00,1.5605183610625167e-08
2021-09-21 00:00:00+00:00,8.623091786022497e-09
2021-09-28 00:00:00+00:00,8.746969303086882e-09
2021-10-05 00:00:00+00:00,1.0032081525585148e-07
2021-10-12 00:00:00+00:00,5.070751797877862e-07
2021-10-19 00:00:00+00:00,3.286820901748534e-06
2021-10-26 00:00:00+00:00,1.2081261572881753e-07
2021-11-02 00:00:00+00:00,4.986942218481078e-08
2021-11-09 00:00:00+00:00,2.5355254647633367e-05
2021-11-16 00:00:00+00:00,6.018501616752669e-05
2021-11-23 00:00:00+00:00,0.00010536402541519117
2021-11-30 00:00:00+00:00,0.00044092634376582707
2021-12-07 00:00:00+00:00,2.9233890985350772e-05
2021-12-14 00:00:00+00:00,0.00020932912305979932
2021-12-21 00:00:00+00:00,0.0001739674067178262
2021-12-28 00:00:00+00:00,0.00025071400042146324
2022-01-04 00:00:00+00:00,0.00015635010707814649
2022-01-11 00:00:00+00:00,0.0001297531866410109
2022-01-18 00:00:00+00:00,0.00013448845218136155
2022-01-25 00:00:00+00:00,4.8877299659332965e-05
2022-02-01 00:00:00+00:00,2.3048392922931794e-06
2022-02-08 00:00:00+00:00,1.4925556285807775e-07
2022-02-15 00:00:00+00:00,2.0746812257213474e-07
2022-02-22 00:00:00+00:00,2.0282709919820246e-07
2022-03-01 00:00:00+00:00,1.2607971917464037e-06
2022-03-08 00:00:00+00:00,6.371851032391593e-07
2022-03-15 00:00:00+00:00,1.7557805492425668e-06
2022-03-22 00:00:00+00:00,1.8844150605414845e-08
2022-03-29 00:00:00+00:00,5.8446843450492276e-08
2022-04-05 00:00:00+00:00,5.246881762378555e-08
2022-04-12 00:00:00+00:00,1.3882776126539029e-08
2022-04-19 00:00:00+00:00,7.631071957835714e-09
2022-04-26 00:00:00+00:00,3.843238333534577e-08
2022-05-03 00:00:00+00:00,4.6502509126479974e-08
2022-05-10 00:00:00+00:00,1.1305384694744688e-07
2022-05-17 00:00:00+00:00,1.0790506166520379e-06
2022-05-24 00:00:00+00:00,9.913814791764202e-07
2022-05-31 00:00:00+00:00,3.0079882624511383e-07
2022-06-07 00:00:00+00:00,3.7663919767859755e-07
2022-06-14 00:00:00+00:00,2.287595439723343e-06
2022-06-21 00:00:00+00:00,3.2405201181684347e-06
2022-06-28 00:00:00+00:00,2.9571263093309164e-06
2022-07-05 00:00:00+00:00,4.866604940089028e-06
2022-07-12 00:00:00+00:00,5.649943848047274e-06
2022-07-19 00:00:00+00:00,5.888616138107999e-06
2022-07-26 00:00:00+00:00,1.4740430460542199e-05
2022-08-02 00:00:00+00:00,1.934218783105746e-05
2022-08-09 00:00:00+00:00,2.2827097303832923e-05
2022-08-16 00:00:00+00:00,8.963571495209406e-06
2022-08-23 00:00:00+00:00,3.7681511444759254e-06
2022-08-30 00:00:00+00:00,7.86701259232298e-06
2022-09-06 00:00:00+00:00,2.1961618696926145e-06
2022-09-13 00:00:00+00:00,7.335847634269131e-06
2022-09-20 00:00:00+00:00,3.2398315182894363e-06
2022-09-27 00:00:00+00:00,2.77060184433254e-06
2022-10-04 00:00:00+00:00,6.186682806663838e-06
2022-10-11 00:00:00+00:00,8.762468242757463e-06
2022-10-18 00:00:00+00:00,5.62722267494863e-06
2022-10-25 00:00:00+00:00,1.029646331262595e-05
2022-11-01 00:00:00+00:00,1.2721577429674907e-05
2022-11-08 00:00:00+00:00,1.2430811823047639e-05
2022-11-15 00:00:00+00:00,3.4127927452703064e-06
2022-11-22 00:00:00+00:00,5.775511412310348e-07
2022-11-29 00:00:00+00:00,6.106609342272929e-07
2022-12-06 00:00:00+00:00,1.6811654109970914e-06
2022-12-13 00:00:00+00:00,1.4794115642701472e-06
2022-12-20 00:00:00+00:00,2.0941645673984774e-06
2022-12-27 00:00:00+00:00,6.563998202736579e-07
2023-01-03 00:00:00+00:00,8.150297342476389e-07
2023-01-10 00:00:00+00:00,1.6910120452512924e-06
2023-01-17 00:00:00+00:00,2.5000391654548028e-06
2023-01-24 00:00:00+00:00,2.2037089044088313e-06
2023-01-31 00:00:00+00:00,2.846034161462726e-06
2023-02-07 00:00:00+00:00,2.7452011802763557e-05
2023-02-14 00:00:00+00:00,3.598250708328677e-05
2023-02-21 00:00:00+00:00,2.039138821240264e-05
2023-02-28 00:00:00+00:00,1.1715886742978071e-05
2023-03-07 00:00:00+00:00,2.795322226426633e-05
2023-03-14 00:00:00+00:00,2.388630751377862e-05
2023-03-21 00:00:00+00:00,1.4110888230718618e-05
2023-03-28 00:00:00+00:00,3.9639543315331755e-05
2023-04-04 00:00:00+00:00,2.7138857493438892e-05
2023-04-11 00:00:00+00:00,1.8282805252595658e-05
2023-04-18 00:00:00+00:00,1.8596316909698346e-05
2023-04-25 00:00:00+00:00,1.6633769021266797e-05
2023-05-02 00:00:00+00:00,1.8844751509489676e-05
2023-05-09 00:00:00+00:00,4.003063495354915e-05
2023-05-16 00:00:00+00:00,2.5590568862702695e-05
2023-05-23 00:00:00+00:00,2.160293601883188e-05
2023-05-30 00:00:00+00:00,0.0001228691597155281
2023-06-06 00:00:00+00:00,4.953044520217335e-05
2023-06-13 00:00:00+00:00,5.356820878820391e-05
2023-06-20 00:00:00+00:00,3.9638833454699654e-05
2023-06-27 00:00:00+00:00,0.00014330159645257166
2023-07-04 00:00:00+00:00,0.00014029067383615463
2023-07-11 00:00:00+00:00,0.00014302510161068495
2023-07-18 00:00:00+00:00,0.0001124609448938646
2023-07-25 00:00:00+00:00,4.1246070995635644e-05
2023-08-01 00:00:00+00:00,2.990634995877236e-05
2023-08-08 00:00:00+00:00,7.664563776188197e-06
2023-08-15 00:00:00+00:00,3.618481359542217e-06
2023-08-22 00:00:00+00:00,2.424217436265474e-06
2023-08-29 00:00:00+00:00,1.4135405112473268e-06
2023-09-05 00:00:00+00:00,1.2559898219042218e-06
2023-09-12 00:00:00+00:00,2.9452204358431664e-07
2023-09-19 00:00:00+00:00,1.5941446212160481e-06
2023-09-26 00:00:00+00:00,2.0168281351213866e-06
2023-10-03 00:00:00+00:00,2.6659276067074992e-06
2023-10-10 00:00:00+00:00,1.0774427264283147e-05
2023-10-17 00:00:00+00:00,2.727122090668041e-07
2023-10-24 00:00:00+00:00,1.297462093263047e-07
2023-10-31 00:00:00+00:00,1.2861991811238008e-06
2023-11-07 00:00:00+00:00,2.106168618469577e-06
2023-11-14 00:00:00+00:00,4.769997429749559e-06
2023-11-21 00:00:00+00:00,2.3837104132604194e-05
2023-11-28 00:00:00+00:00,2.416265453075043e-05
2023-12-05 00:00:00+00:00,2.8830731842283393e-05
2023-12-12 00:00:00+00:00,2.935056597378959e-05
2023-12-19 00:00:00+00:00,3.8549046212629434e-06
2023-12-26 00:00:00+00:00,1.24113864130711e-06
2024-01-02 00:00:00+00:00,9.292717743470946e-07
2024-01-09 00:00:00+00:00,1.656691967095505e-07
2024-01-16 00:00:00+00:00,2.2386749627039007e-07
2024-01-23 00:00:00+00:00,3.357402292178458e-08
2024-01-30 00:00:00+00:00,4.203543852314519e-08
2024-02-06 00:00:00+00:00,7.305665295494559e-08
2024-02-13 00:00:00+00:00,3.1456340542167436e-08
2024-02-20 00:00:00+00:00,8.256696333191372e-08
2024-02-27 00:00:00+00:00,1.3167398855286052e-07
2024-03-05 00:00:00+00:00,2.9801615751206953e-07
2024-03-12 00:00:00+00:00,1.2238480357329117e-06
2024-03-19 00:00:00+00:00,9.417043111816744e-06
2024-03-26 00:00:00+00:00,3.3588922740729654e-06
2024-04-02 00:00:00+00:00,3.2379740770258295e-05
2024-04-09 00:00:00+00:00,6.631166435451546e-05
2024-04-16 00:00:00+00:00,1.1344988273186282e-05
2024-04-23 00:00:00+00:00,2.6490931765125063e-05
2024-04-30 00:00:00+00:00,7.93942853787822e-05
2024-05-07 00:00:00+00:00,3.2474556662632264e-05
2024-05-14 00:00:00+00:00,1.1847501021243507e-05
2024-05-21 00:00:00+00:00,0.00017160421325845303
2024-05-28 00:00:00+00:00,0.0007157172644712429
2024-06-04 00:00:00+00:00,0.0007019307351268883
2024-06-11 00:00:00+00:00,0.0003056702389096996
2024-06-18 00:00:00+00:00,0.0001899778422635429
2024-06-25 00:00:00+00:00,0.00014769760993685576
2024-07-02 00:00:00+00:00,0.00036759086979813255
2024-07-09 00:00:00+00:00,0.0011777971555713956
2024-07-16 00:00:00+00:00,0.0013025710342404082
2024-07-23 00:00:00+00:00,0.0022368050210070023
2024-07-30 00:00:00+00:00,0.0033496361755984945
2024-08-06 00:00:00+00:00,0.00668757403300343
2024-08-13 00:00:00+00:00,0.007983569940602455
2024-08-20 00:00:00+00:00,0.019480261693544068
2024-08-27 00:00:00+00:00,0.001826283851184225
2024-09-03 00:00:00+00:00,0.0016966623624194285
2024-09-10 00:00:00+00:00,0.0008401786231678726
2024-09-17 00:00:00+00:00,0.001372757646340505
2024-09-24 00:00:00+00:00,0.0006107690506872443
2024-10-01 00:00:00+00:00,0.000523098637701843
2024-10-08 00:00:00+00:00,5.9430550217182646e-05
2024-10-15 00:00:00+00:00,1.333616981495796e-05
2024-10-22 00:00:00+00:00,1.7205417848256359e-06
2024-10-29 00:00:00+00:00,1.4146672168328353e-07
2024-11-05 00:00:00+00:00,1.5184061780967927e-07
2024-11-12 00:00:00+00:00,8.126320658874128e-09
2024-11-19 00:00:00+00:00,1.2280624490300267e-08
2024-11-26 00:00:00+00:00,2.3712187100073347e-08
2024-12-03 00:00:00+00:00,2.971427472526799e-08
2024-12-10 00:00:00+00:00,5.475649389702761e-08
2024-12-17 00:00:00+00:00,8.668882337659282e-08
2024-12-24 00:00:00+00:00,1.933606409696739e-08
2024-12-31 00:00:00+00:00,8.816643405361543e-08
2025-01-07 00:00:00+00:00,1.6967503918904796e-07
2025-01-14 00:00:00+00:00,1.9090466235953038e-07
2025-01-21 00:00:00+00:00,2.597547648979948e-07
2025-01-28 00:00:00+00:00,2.5932405977176944e-07
2025-02-04 00:00:00+00:00,2.3694470784481334e-06
2025-02-11 00:00:00+00:00,3.3240782496358298e-06
2025-02-18 00:00:00+00:00,1.4763521864210846e-06
2025-02-25 00:00:00+00:00,2.403211702447163e-06
2025-03-04 00:00:00+00:00,8.180404453276766e-06
2025-03-11 00:00:00+00:00,1.9569174074927533e-05
2025-03-18 00:00:00+00:00,1.3631479814529565e-05
2025-03-25 00:00:00+00:00,1.1249023406217782e-05
2025-04-01 00:00:00+00:00,4.07599840287583e-06
2025-04-08 00:00:00+00:00,1.3203782918350009e-06
2025-04-15 00:00:00+00:00,1.7693516082130222e-05
2025-04-22 00:00:00+00:00,5.3863328776173545e-05
2025-04-29 00:00:00+00:00,2.9141325972791285e-05
2025-05-06 00:00:00+00:00,0.00011613325986181405
2025-05-13 00:00:00+00:00,0.0011609554919065745
2025-05-20 00:00:00+00:00,0.00035598706944545567
2025-05-27 00:00:00+00:00,0.00010943450942476192
2025-06-03 00:00:00+00:00,4.514353718300911e-05
2025-06-10 00:00:00+00:00,0.00015169780088361996
2025-06-17 00:00:00+00:00,0.00015109817063518747
2025-06-24 00:00:00+00:00,9.584893972023447e-05
2025-07-01 00:00:00+00:00,4.927075010412183e-05
2025-07-08 00:00:00+00:00,0.00019570863720938877
2025-07-15 00:00:00+00:00,0.00020257603820463576
2025-07-22 00:00:00+00:00,0.00028156050175414044
2025-07-29 00:00:00+00:00,0.00029316231561354915
2025-08-05 00:00:00+00:00,0.0002758505251287362
2025-08-12 00:00:00+00:00,0.00011748367982230658
2025-08-19 00:00:00+00:00,3.1554836894639767e-05
2025-08-26 00:00:00+00:00,2.5639814619468926e-05
2025-09-02 00:00:00+00:00,2.6324208977776765e-05
2025-09-09 00:00:00+00:00,8.090542968861172e-06
2025-09-16 00:00:00+00:00,1.0602667176946642e-05
2025-09-23 00:00:00+00:00,1.38553446861505e-06
2025-09-30 00:00:00+00:00,1.8845101004250686e-06
2025-10-07 00:00:00+00:00,5.293475659531765e-06
2025-10-14 00:00:00+00:00,2.3735047157705864e-05
2025-10-21 00:00:00+00:00,5.2695992995978016e-05
2025-10-28 00:00:00+00:00,0.00020593717550270235
2025-11-04 00:00:00+00:00,0.0001757226545358085
2025-11-11 00:00:00+00:00,0.00032335380620645475
2025-11-18 00:00:00+00:00,0.0005186994574253026
2025-11-25 00:00:00+00:00,0.0005807303275117056
2025-12-02 00:00:00+00:00,0.000572221566176206
2025-12-09 00:00:00+00:00,0.0006586341885533952
2025-12-16 00:00:00+00:00,0.0017791555738200144
2025-12-23 00:00:00+00:00,0.0018953361175429926
2025-12-30 00:00:00+00:00,0.0019435766088186542
2026-01-06 00:00:00+00:00,0.0011386091714217278
2026-01-13 00:00:00+00:00,0.0009530483524493375
2026-01-20 00:00:00+00:00,0.000954855154336156
2026-01-27 00:00:00+00:00,0.000588617707991886
2026-02-03 00:00:00+00:00,0.0001445612926029609
2026-02-10 00:00:00+00:00,7.072318626389056e-05
2026-02-17 00:00:00+00:00,6.824248988391315e-05
2026-02-24 00:00:00+00:00,1.9876432347142592e-05
2026-03-03 00:00:00+00:00,1.2317467527931787e-05
2026-03-10 00:00:00+00:00,2.6135800984402045e-05
2026-03-17 00:00:00+00:00,1.2166706842910688e-05
2026-03-24 00:00:00+00:00,1.0782145933005913e-05
2026-03-31 00:00:00+00:00,3.710869264478029e-06
2026-04-07 00:00:00+00:00,1.312882279029014e-06
2026-04-14 00:00:00+00:00,8.721072082473475e-08
2026-04-21 00:00:00+00:00,8.750671310085233e-08
2026-04-28 00:00:00+00:00,5.746990525779662e-10
